CODE,Context for translation,EN,FR,PT,JP,ES,GE,IT,TH
LANG,Name of language,English,Français,Português,日本語,Español,Deutsch,Italiano,ภาษาไทย
back,Return to previous thing,Back,Retour,Voltar,戻る,Volver,Zurück,Indietro,กลับ
difficulty,,Difficulty,Difficulté,Dificuldade,難易度,Dificultad,Schwierigkeit,Difficoltà,ระดับความยาก
easy,,Easy,Facile,Fácil,EASY,Fácil,Leicht,Facile,ง่าย
hard,,Hard,Difficile,Difícil,HARD,Difícil,Schwer,Difficile,ยาก
input,as in “type of input method” ie “touch” or “controller”,Input,Saisir,Entrada,入力,Aporte,Eingabe,Ingresso,Input
level,,Level,Niveau,Nível,LV,Nivel,Level,Livello,ระดับ
randomColors,Option to randomize panel colors,Random Colors,Couleurs aléatoires,Cores aleatórias,ランダムな色,Colores al azar,Zufällige Farben,Colori casuali,สุ่มสี
randomHorizontalFlipped,Option to randomly flip the puzzle horizontally,Randomly Flip,Flip au hasard,Vire aleatoriamente,ランダムにフリップ,Voltear al azar,Zufällig flip,Capovolgere casualmente,สุุ่มสลับซ้าย - ขวา
normal,,Normal,Normal,Normal,NORMAL,Normal,Normal,Normale,ปานกลาง
speed,,Speed,Vitesse,Velocidade,スピード,Velocidad,Geschwindigkeit,Velocità,ความเร็ว
factory,Training mode that drops multiple tiers of chain garbage,Factory,Usine,Fábrica,工場,Fábrica,Fabrik,Fabbrica,Factory
combo_storm,Training mode that drops lots of small combo blocks in a row,Combo Storm,Tempête combo,Tempestade de combinação,コンボ嵐,Tormenta combo,Combo Storm,Combo Storm.,Combo Storm
large_garbage,Training mode that drops huge chain blocks,Large Garbage,Gros ordures,Grande lixo,大規模なごみ,Basura grande,Großer Müll,Grande spazzatura,ขยะก้อนใหญ่
width,width of garbage blocks in training mode,Width,Largeur,Largura,幅,Ancho,Breite,Larghezza,ความกว้างก้อนขยะ
height,height of garbage blocks in training mode,Height,Hauteur,Altura,高さ,Altura,Höhe,Altezza,ความสูงก้อนขยะ
vs,,vs,vs,vs,対,vs,vs,vs,vs
up,,Up,Haut,Cima,上,Arriba,hoch,Su,ขึ้น
down,,Down,Bas,Baixo,下,Abajo,runter,Giù,ลง
left,,Left,Gauche,Esquerda,左,Izquierda,links,Sinistra,ซ้าย
right,,Right,Droite,Direita,右,Derecha,rechts,Destra,ขวา
start,,Start,Start,Começar,START,Empezar,Start,Avvio,เริ่ม
raise,button used to raise the stack,Raise,Soulever,Levantar,高める,Elevar,Heben,Aumentare,เลื่อน board ขึ้น
player,,Player,Joueur,Jogador,プレイヤー,Jugador,Spieler,Giocatore,ผู้เล่น
player_n,,Player %1,Joueur %1,Jogador %1,プレイヤー%1,Jugador %1,Spieler %1,Giocatore %1,ผูู้เล่น %1
page,,Page,Page,Página,ページ,Página,Seite,Pagina,หน้า
panels,,Panels,Panels,Painéis,パネル,Paneles,Panels,Tessere,Panels
character,,Character,Personnage,Personagem,??????,Personaje,Charakter,Carattere,ตัวละคร
stage,,Stage,Terrain,Cenário,ステージ,Escenario,Arena,Scenario,ด่าน
mode,,Mode,Mode,Modo,モード,Modo,Modus,Modalità,โหมด
ready,,Ready,Prêt,Pronto,READY,Listo,Bereit,Pronto,พร้อม
random,,Random,Aléatoire,Aleatório,ランダム,Aleatorio,Zufall,Casuale,สุ่ม
leave,,Leave,Quitter,Sair,終わる,Salir,Verlassen,Esci,ออก
pause,,Pause,Pause,Pausa,ポーズ,Pausa,Pause,Pausa,หยุด
go_,,Go!,Commencer,Vai!,GO!,¡Comenzar!,Los!,Via!,ไป !
endless_type,Name of the menu in endless / time attack that lets you pick between the old difficulty style and the new one,Type,Taper,Tipo,タイプ,Tipo,Typ,Tipo,ประเภท
endless_classic,old difficulty style in endless / time attack,Classic,Classique,Clássico,クラシック,Clásico,Klassisch,Classico,คลาสสิค
endless_modern,new difficulty style in endless / time attack,Modern,Moderne,Moderno,モダン,Moderno,Modern,Moderno,ทันสมัย
anonymous,,Anonymous,Anonyme,Anônimo,匿名,Anónimo,Anonym,Anonimo,ไม่ระบุตัวตน
stages,,stages,terrains,Cenários,ステージ,escenarios,Arenen,Scenario,ด่าน
characters,,characters,personnages,Personagens,キャラクター,personajes,Charaktere,Personaggi,ตัวละคร
join_community,,Join the community at %1,Rejoignez la communauté sur %1,Participe da comunidade em %1,コミュニティに参加しよう %1,Únete a nuestra comunidad en %1,Tritt unserer Community bei unter %1,Unisciti alla community su %1,เข้าร่วมกลุ่มได้ที่ %1
warning_msg,,You've had a bug. Please report this on Discord with file:,"Vous venez de rencontrer un problème.
S'il vous plaît, signalez le sur Discord avec le fichier :","Você encontrou um problema. Por favor, reporte no Discord o arquivo em anexo:",不具合が発生しました。以下のファイルでディスコードに報告して下さい：,"Hubo un problema. Por favor, reporta esto en Discord con el siguiente archivo:",Ein Bug ist aufgetreten. Bitte melde diesen in unserem Discord mit der Datei:,"Hai riscontrato un bug. Per favore, segnalalo su Discord con il file:",คุณเจอ bug กรุณารายงานปัญหาใน Discord ด้วยไฟล์นี้:
lb_alone,,You are all alone in the lobby :(,Vous êtes seul dans le salon :(,Você está sozinho(a) no lobby :(,ぼっち　(´・ω・`),No hay nadie en el salón :(,Du bist ganz alleine in der Lobby :<,Sei tutto solo nella lobby :(,ในล็อบบี้ตอนนี้มีคุณคนเดียว :(
lb_back,,Back to main menu,Revenir au menu principal,Voltar ao menu principal,メインメニューに戻る,Volver al menú principal,Zurück zum Hauptmenü,Torna al menù principale,กลับสู่เมนูหลัก
lb_connecting,,Connecting...,Connexion en cours...,Conectando...,接続中...,Conectando,Verbinde...,Connessione...,กำลังเชื่อมต่อ
lb_error_msg,,Error message received from the server:,Message d'erreur du serveur :,Mensagem de erro recebida do servidor:,サーバーから受信したエラーメッセージ：,Mensaje de error recibido del servidor:,Fehlernachricht vom Server erhalten.,Messaggio d'errore ricevuto dal server:,ข้อความ error ที่ได้รับจาก server :
lb_header_board,,"Leaderboard
  Rank  Rating   Player","Classement
  Rang  Score   Joueur","Placar de Classificação
  Rank  Classificação  Jogador","ランキング
 順位 レート プレイヤー","Clasificación
 Rango  Puntaje Jugador","Rangliste
 Rang  Punkte  Spieler","Classifica
  Posizione  Punteggio   Giocatore","ตารางคะแนน
แรงค์ เรทติ้ง ผู้เล่น"
lb_show_board,,Show Leaderboard,Afficher le classement,Mostrar Placar de Classificação,ランキングを表示,Mostrar Tabla de Puntuación,Rangliste anzeigen,Mostra la classifica,แสดงตารางคะแนน
lb_login,,Logging in...,Identification...,Iniciando sessão ...,ログインしています...,Iniciando Sesión,Anmeldung...,Accesso in corso...,กำลังเข้าสู่ระบบ
lb_login_timeout,,"Login for ranked matches timed out.
This server probably doesn't support ranking.


You may continue unranked.","Délai de connexion à la partie classée dépassé.
Ce serveur ne gère peut être pas les parties classées.


Vous pouvez continuer en non classé.","O tempo de acesso à partidas ranqueadas expirou.
Este servidor provavelmente não suporta partidas ranqueadas.


Você pode continuar em partidas não ranqueadas.","レートマッチのログインがタイムアウトしました。
このサーバーはおそらくレートランキングに対応していません。

ランクなしで続行できます。","Se ha agotado el tiempo de espera para iniciar sesión
Es posible que el servidor no soporte partidas clasificatorias.


Solamente puedes jugar partidas normales (unranked).","Die Anmeldung für das bewertete Spiel hat zu lange gedauert.
Der Server unterstützt vermutlich keine Rangliste.

Du kannst ohne Wertung weiterspielen.","L'accesso alle partite classificate è scaduto.
Questo server probabilmente non supporta le partite classificate. 


Puoi continuare a giocare in modalità non clasificata.","การ Login เข้า ranked matches ใช้เวลานานผิดปกติ server อาจจะไม่รองรับระบบ ranking

แต่คุณสามารถเล่นต่อแบบไม่ใช่ระบบ ranked ได้"
lb_new_id,,need a new user id,besoin d'un nouvel identifiant utilisateur,necessário novo ID de usuário,新しいユーザーIDが必要です,Se necesita un nuevo ID de usuario,Du benötigst eine neue Spieler-ID.,Necessario nuovo ID utente.,ต้องการ user id ใหม่
lb_received,,(wants to play with you :o),(vous invite à jouer :o),(quer jogar com você :o),（対戦を申し込まれました！（・o・））,(quiere jugar contigo :o),(möchte mit dir spielen),(vuole giocare con te :o),(อยากเล่นกับคุณ :o)
lb_request,,(request sent),(demande envoyée),(solicitação enviada),（対戦申請中）,(petición enviada),(Anfrage gesendet),(richiesta inviata),คำร้องถูกส่งแล้ว
lb_select_player,,Select a player name to ask for a match.,Selectionnez un joueur avec qui jouer.,Selecione um nome de jogador para solicitar uma partida.,プレイヤー名を選択して対戦を申し込んで下さい。,Selecciona el nombre de un jugador para enviarle solicitud de partida.,"Wähle einen Spieler aus, um ihn herauszufordern.",Seleziona il nome di un giocatore con cui giocare.,กดที่ชื่อผู้เล่น เพื่อขอเล่นด้วย
lb_set_connect,,Setting up connection...,Préparation de la connexion...,Estabelecendo conexão...,接続しています…,Estableciendo conexión...,Verbindungsaufbau...,Stabilendo la connessione...,กำลังเชื่ื่อมต่อ
lb_hide_board,,Hide Leaderboard,Cacher le classement,Ocultar Placar de Classificação,ランキングを非表示,Ocultar Tabla de Puntuación,Rangliste verbergen,Nascondi la classifica,ซ่อนตารางคะแนน
lb_spectate,,spectate,regarder,assistir,観戦する,espectar,zuschauen,Assisti,ดูคนอื่นเล่น
lb_used_name,,"Error: name is taken :<


If you had just left the server,
it may not have realized it yet, try joining again.


This can also happen if you have two
instances of Panel Attack open.
Press Swap or Back to continue.","Erreur : ce pseudo est déjà pris :<


Si vous venez de quitter le serveur,
il n'est peut être pas encore à jour, réessayez.


Cela peut aussi arriver si vous avez
lancé deux instances du jeu.


Appuyer sur Valider ou Retour pour continuer.","Erro: Apelido já utilizado :<


Se você acabou de sair do servidor,
talvez não tenha reparado, tente entrar novamente.


Isso também pode acontecer se você tiver duas
instâncias do Panel Attack abertas.
Pressione Trocar ou Voltar para continuar.","エラー：ユーザー名が使用中です ・へ・


ログアウトしたばかりの場合、
サーバーはまだ追いついていない可能性があります。
もう一度ログインしてみて下さい。


これは、
Panel Attackが同時に2回起動されている場合発生する可能性もあります。


入れ替えボタン、またはもどるボタンを押して下さい。","Error：El nombre ya está siendo usado :<


Si te fuiste del servidor,
puede que este no se haya dado cuenta, intenta unirte de nuevo.


Esto también puede ocurrir si tienes dos
Instancias abiertas del juego.
Pulsa ""Cambiar"" o ""Volver"" para continuar.","Fehler: Dieser Name wird bereits verwendet :<

Wenn du die Lobby gerade erst verlassen hast, könnte es sein, dass der Server dich noch nicht abgemeldet hat. Versuche es bitte erneut.

Das kann ebenfalls passieren, wenn du Panel Attack mehrfach geöffnet hast.


Drücke die Tausch-Taste (A/B) oder die Esc-Taste, um fortzufahren.","Errore: nome già in uso :<


Se hai appena lasciato il server,
questo potrebbe non averlo ancora realizzato, prova ad accedere di nuovo.


Questo può anche succedere se hai 
due istanze di Panel Attack aperte.
Premi ""Swap"" o Indietro per continuare.","Error: ชื่อนี้มีคนใช้แล้ว

ถ้าคุณเพิ่งออกจาก server ไป บางที server อาจยังจำค่าเก่าอยู่ กรุณาลองเข้าสู่ server อีกครั้ง

หรืออาจเกิดจากการเปิด Panel Attack สอง instance พร้อมกัน

กดปุ่ม Swap หรือ Back เพื่อดำเนินการต่อ"
lb_user_new,,"Welcome, new user: %1","Bienvenue, nouvel utilisateur : %1","Bem-vindo(a), novo usuário(a): %1",ようこそ、新しいユーザー：%1,Bienvenido: nuevo usuario %1,"Willkommen, neuer Spieler %1","Benvenuto, nuovo utente: %1","ยินดีต้อนรับ, new user: %1"
lb_user_update,,"Welcome, your username has been updated. 

Old name:  ""%1""
New name:  ""%2""","Bienvenue, votre pseudo a été mis à jour.

Ancien:  ""%1""
Nouveau:  ""%2""","Bem-vindo(a), seu apelido foi atualizado.

Nome antigo: ""%1""
Novo nome: ""%2""","ようこそ、ユーザー名が更新されました。

以前のユーザー名： ""%1""
新しいユーザー名： ""%2""","Bienvenido, tu nombre de usuario fue actualizado.

Nombre antiguo: ""%1""
Nombre nuevo: ""%2""","Willkommen, dein Anzeigename wurde aktualisiert.

Alter Name: ""%1""
Neuer Name: ""%2""","Benvenuto, il tuo nome utente è stato aggiornato.

Vecchio nome: ""%1""
Nuovo nome: ""%2""","ยินดีต้อนรับ, username ของคุณได้ถูกอัพเดทแล้ว

ชื่อเก่า: ""%1""

ชื่อใหม่: ""%2"""
lb_welcome_back,,"Welcome back, %1","Vous êtes de retour, %1","Bem-vindo(a) de volta, %1",おかえりなさい、%1,"Bienvenido de vuelta, %1","Willkommen zurück, %1","Bentornato, %1","ยินดีต้อนรับ, %1"
lb_you,,You,Vous,Você,あなた,Tú,Du,Tu,คุณ
ld_puzzles,,Copying puzzles readme...,Copie du fichier readme des puzzles...,Copiando leia-me de quebra-cabeças...,パズルのREADMEをコピーしています...,"Copiando el archivo ""readme"" de puzzles",Kopiere README für Puzzles...,Copia dell'archivio readme dei puzzle...,กำลังคัดลอก puzzles readme...
ld_replay,,Loading replays...,Chargement des replays...,Carregando replays...,リプレイを読み込みしています…,Cargando repeticiones...,Lade Replays...,Caricamento dei replay...,กำลังโหลดรีเพลย์
ld_theme,,Loading theme...,Chargement du thème...,Carregando temas...,テーマを読み込みしています…,Cargando tema...,Lade Themes...,Caricamento dei temi...,กำลังโหลดธีม
ld_characters,,Preloading characters...,Préchargement des personnages...,Pré-carregando personagens...,キャラクターを読み込みしています…,Pre-cargando personajes...,Lade Charaktere...,Pre-caricamento dei personaggi...,กำลังโหลดตัวละคร
ld_stages,,Preloading stages...,Préchargement des terrains...,Pré-carregando cenários...,ステージを読み込みしています…,Pre-cargando escenarios...,Lade Arenen...,Pre-caricamento degli scenari...,กำลังโหลดด่าน
ld_panels,,Loading panels...,Chargement des blocs...,Carregando painéis...,パネルを読み込みしています…,Cargando paneles...,Lade Panels...,Caricamento delle tessere...,กำลังโหลดพาเนล
ld_analytics,,Loading analytics...,Chargement des statistiques...,Carregando estatísticas...,解析を読み込みしています…,Cargando estadísticas....,Lade Statistikmodul...,Caricamento delle statistiche...,กำลังโหลด analytics
mm_1_endless,,1P endless,1J infini,1J infinito,1P エンドレス,1J interminable,1P Endlos,1P infinito,1P แบบไม่มีจบ
mm_1_puzzle,,1P puzzle,1J puzzle,1J quebra-cabeça,1P パズル,1J Puzzle,1P Puzzle,1P puzzle,1P puzzle
mm_1_time,,1P time attack,1J contre la montre,1J contra o tempo,1P スコアアタック,1J Contrareloj,1P Time Attack,1P a tempo,1P time attack
mm_1_training,Vs training mode,1P training,Formation 1P,treinamento 1P,1P トレーニング,entrenamiento 1P,1P Training,Allenamento 1P,1P ฝึกซ้อม
mm_1_challenge_mode,Challenge Mode,Challenge Mode,Mode Défi,Modo desafio,チャレンジモード,Modo Desafío,Herausforderungsmodus,Modalità sfida,โหมดท้าทาย
mm_1_vs,,1P vs yourself,1J vs soi-même,1J vs você mesmo,1P じぶんとのたたかい,1J vs Tú,1P gegen dich selbst,1P vs te stesso,1P สู้กับตัวเอง
mm_2_vs_local,,2P vs local game,2J vs en local,2J vs jogo local,2P ローカルVS,2J vs partida local,2P lokal,2P vs in locale,2P แข่งกันสองคน บนคอมเครื่องเดียวกัน
mm_2_vs_online,,2P vs online %1,2J vs en ligne %1,2J vs online %1,2P オンラインVS %1,2J vs partida en línea %1,2P online %1,2P vs online %1,2P แข่งกับคนอื่นออนไลน์ %1
mm_2_vs,,2P vs,2J vs,2J vs,2P VS,2J vs,2SP vs,2P vs,2P แข่งกับคนอื่น
mm_configure,,Configure input,Configurer les touches,Configurar teclas,入力コンフィグ,Configurar teclas,Tastenkonfiguration,Configura i tasti,ตั้งค่าปุ่ม
mm_fullscreen,,Fullscreen %1,Plein Écran %1,Tela cheia %1,フルスクリーン %1,Pantalla completa %1,Vollbild %1,Schermo inteto 1%,เต็มจอ %1
mm_music_test,,Music test,Musique test,Teste de música,サウンドテスト,Prueba de música,Musik-Test,Testa la musica,ทดสอบเพลง
mm_no_support_fullscreen,,Your graphics card doesn't support canvases for fullscreen,Votre carte graphique ne supporte pas le plein écran,Sua placa de vídeo não suporta tela cheia,お使いのグラフィックカードはフルスクリーンのキャンバスに対応していません,Tu tarjeta gráfica no soporta bordes en pantalla completa.,Deine Grafikkarte unterstützt keine Vollbildauflösungen.,La tua scheda grafica non supporta la modalità schermo intero.,กราฟฟิคการ์ดของคุณไม่รองรับ canvas สำหรับเล่นเต็มจอ
mm_options,,Options,Options,Opções,オプション,Opciones,Optionen,Opzioni,Options
mm_quit,,Quit,Quitter,Sair,終わる,Salir,Verlassen,Esci,ออก
mm_replay_of,,Replay of %1,Replay de %1,Replay de %1,%1のリプレイ,Ver repetición de %1,Replay von %1,Replay di 1%,รีเพลย์ของ %1
mm_set_name,,Set name,Changer de pseudo,Trocar apelido,ユーザー名設定,Definir nombre,Name festlegen,Imposta il nome,ตั้งชื่อ
nt_ver_err,Shown when connecting to server with wrong version,"Your game version is out of date, DOWNLOAD the latest version of the game from http://panelattack.com","Votre version de jeu est obsolète, téléchargez la dernière version du jeu à partir de http://panelattack.com","Sua versão do jogo está desatualizada, faça o download da versão mais recente do jogo em http://panelattack.com",ゲームバージョンは古くなっています。http://panelatcack.comからゲームの最新バージョンをダウンロードしてください,"Tu versión de juego está desactualizada, descargue la última versión del juego desde http://panelattack.com",Ihre Spielversion ist veraltet und laden Sie die neueste Version des Spiels von http://panelattack.com herunter,"La versione del gioco è obsoleta, scarica l'ultima versione del gioco da http://panelattack.com",เวอร์ชันเกมของคุณล้าสมัยดาวน์โหลดเกมล่าสุดจาก http://panelattack.com
nt_conn_timeout,,Failed to connect to the server.,Impossible de se connecter au serveur.,Falha ao conectar o servidor.,サーバーに接続が失敗しました。,Error al conectarse al servidor.,Es konnte keine Verbindung zum Server hergestellt werden.,Errore di connessione al server.,การเชื่อมต่อกับ server ล้มเหลว
nt_msg_err,,"Network error, message could not be decoded: ""%1""","Erreur réseau, le message ne peut pas être décodé: ""%1""","Erro de conexão, a mensagem não pôde ser codificada: ""%1""","ネットワークエラー、メッセージのデコード失敗: ""%1""","Error de red, el mensaje no pudo ser decodificado: ""%1""",Netzwerkfehler: Die folgende Nachricht konnte nicht entschlüsselt werden: %1,"Errore di network, il messaggio non può essere decodificato: ""%1""","การเชื่อมต่อล้มเหลว ข้อความไม่สามารถถอดรหัสได้: ""%1"""
nt_player_err,,Server did not send number of players.,Le serveur n'a pas envoyé le nombre de joueurs.,O servidor não emitiu nº de jogadores.,サーバーからプレイヤー人数を受信しませんでした。,El servidor no envio la cantidad de jugadores.,Server schickte die Anzahl der Spieler nicht.,Il server non ha inviato il numero di giocatori.,server ไม่ได้แจ้งจำนวนผู้เล่น
op_general,Options: General,General,Général,Em geral,全般的,General,Allgemein,Generale,ทั่วไป
op_graphics,Options: Graphics,Graphics,Graphique,Gráficos,グラフィック,Gráficos,Grafik,Grafica,กราฟฟิค
op_audio,Options: Audio,Audio,l'audio,Áudio.,オーディオ,Audio,Audio,Audio,เสียง
op_debug,Options: Debug,Debug,Déboguer,Depurar,デバッグ,Depurar,Debuggen,Debug.,Debug
op_about,Options: About,About,Sur,Sobre,だいたい,Sobre,Über,Di,เกี่ยวกับ
op_none,,none,rien,Nenhum,無し,Nada,keiner,Niente,ไม่มี
op_on,,On,On,Ativ.,ON,On,An,On,เปิด
op_off,,Off,Off,Desat.,OFF,Off,Aus,Off,ปิด
op_all_keys,,Set all keys,Définir toutes les touches,Definir todas as teclas,すべてのキーを設定する,Definir todas las teclas,Alle Tasten festlegen,Imposta tutti i tasti,ตั้งค่าปุ่มทั้งหมด
op_about_characters,,About custom characters,À propos des personnages personnalisés,Sobre personagens personalizados,カスタムキャラクターについて,Acerca de personajes personalizados,How to: Eigene Charaktere hinzufügen,A propostio dei personaggi personalizzabili,เกี่ยวกับตัวละคร custom
op_about_themes,,About custom themes,À propos des thèmes personnalisés,Sobre temas personalizados,カスタムテーマについて,Acerca de temas personalizados,How to: Eigene Themes entwickeln,A proposito dei temi personalizzabili,เกี่ยวกับ custom themes
op_about_stages,,About custom stages,À propos des terrains personnalisés,Sobre cenários personalizados,カスタムステージについて,Acerca de escenarios personalizados,How to: Eigene Arenen erstellen,A proposito degli scenari personalizzabili,เกี่ยวกับด่าน custom 
op_about_panels,,About custom panels,À propos des blocs personnalisés,Sobre painéis personalizados,カスタムパネルについて,Acerca de paneles personalizados,How to: Eigene Panels kreieren,A propostio delle tessere personalizzabili,เกี่ยวกับ custom panels
op_analytics,,Enable analytics,Activer les statistiques,Ativar estatísticas,解析を有効にする,Habilitar estadísticas,Statistiken aktivieren,Attiva statistiche,เปิด analytics
op_copy_files,,"Hold on.  Copying an example folder to make this easier...


This may take a few seconds or maybe even a minute or two.


Don't worry if the window goes inactive or ""not responding""","Veuillez patientez, nous copions les fichiers exemples.


Cette opération peut prendre quelques secondes à 2 min.


La fenêtre peut devenir inactive et ne plus répondre.","Um momento. Criando uma pasta modelo para facilitar isso...


Isto pode levar alguns segundos ou talvez até um minuto ou dois.


Não se preocupe se a janela ficar inativa ou ""não está respondendo""","しばらくお待ち下さい。
分かりやすくするためにサンプルフォルダをコピーしています...


これには数秒、場合によっては1〜2分かかる可能性があります。


ウィンドウが非アクティブになったり、反応しなくなっても気にしないで下さい。","Un momento. Copiando la carpeta de ejemplo para hacerlo más facil...


Esto tomará algunos segundos o quizás un minuto o dos.


No te preocupes si la ventana se pone inactiva, se bloquea o ""No responde""","Warte einen Moment. Ein Beispielordner wird angelegt, um die Sache einfacher zu machen.

Dies könnte einige Sekunden dauern, möglicherweise aber auch eine bis zwei Minuten.

Wenn das Fenster inaktiv zu sein scheint oder als ""reagiert nicht"" angezeigt wird, ist dies bei dem Prozess völlig normal.","Un momento. Copia di una cartella d'esempio per rendere il tutto più facile...


Ci potrebbe volere qualche secondo, o forse anche un minuto o due.


Non preoccuparti se la finestra diventa inattiva o ""non risponde"".","กรุณารอสักครู่ กำลังคัดลอก example folder เพื่อให้เรื่องง่ายขึ้น

อาจใช้เวลาไม่กี่วินาที หรืออาจจะนานถึง 1-2 นาที

ไม่ต้องตกใจหากหน้าต่างเกิดอาการ ""not responding"""
op_countdown,,Ready countdown,Compte à rebours avant une partie,Contagem regressiva,READYカウントダウン,Cuenta regresiva lista,Ready Countdown,Pronto per il conto alla rovescia,เตรียมพร้อมนับถอยหลัง
op_debug,,Debug Mode,Mode Debug,Modo de Depuração,デバッグモード,Modo Depuración,Debug Modus,Modalità Debug,โหมด debug
op_default_char,,Use default characters,Utiliser les personnages par défaut,Usar personagens padrão,デフォルトのキャラクターを使用,Usar personajes por defecto.,Standardcharaktere verwenden,Usa i personaggi di base,ใช้ตัวละครค่าเริ่มต้น
op_enter_name,,Enter your name:,Entrez votre pseudo :,Digite seu apelido:,ユーザー名を入力して下さい：,Ingresa tu nombre:,Gib deinen Benutzernamen ein:,Inserisci il tuo nome:,กรอกชื่อของคุณ:
op_username_blank_warning,shown in user name input when nothing is entered,Username cannot be blank,Le nom d'utilisateur ne peut pas être vide,O nome de usuário não pode ficar em branco,ユーザー名を空白にすることはできません,Nombre de usuario no puede estar en blanco,Benutzername darf nicht leer sein,Il nome utente non può essere vuoto
op_fps,,Show FPS,Afficher les FPS,Mostrar FPS,FPS表示,Mostrar FPS (cuadros por segundo),FPS anzeigen,Mostra FPS (frame al secondo),แสดง FPS
op_language,,Language,Langue,Idioma,言語,Idioma,Sprache,Lingua,ภาษา
op_theme,,Theme,Thème,Tema,テーマ,Tema,Theme,Tema,ธีม
op_scale,Setting that controls how much the game is scaled (resolution),Game Scale,Échelle de jeu,Escala de jogo,ゲームスケール,Escala de juego,Spielskala,Scala del gioco,เสกลหน้าจอเกม
op_scale_auto,The scale type that snaps to the best scale for the current window size,Automatic,Automatique,Automático,自動,Automático,Automatisch,Automatico,อัตโนมัติ
op_scale_fit,The scale type that fits the graphics as big as they can be to the window,Fit to Window,Ajuster à la fenêtre,Adequado à janela,ウィンドウにフィットします,Encaja en la ventana,An Fenster anpassen,Adatta alla finestra,พอดีขนาด Window
op_scale_fixed,The scale type that uses a fixed scale value no matter what,Fixed Scale,Échelle fixe,Escala fixa,固定スケール,Escala fija,Feste Skala,Scala fissa,เสกลคงที่
op_scale_fixed_value,The setting for the picked scale value in fixed mode,Fixed Scale,Échelle fixe,Escala fixa,固定スケール,Escala fija,Feste Skala,Scala fissa,เสกลคงที่
op_ingame_infos,,Show informations during gameplay,Afficher les données pendant la partie,Mostrar informações durante partida,プレイ中情報表示,Mostrar información durante la partida,Informationen während des Spiels anzeigen,Mostra informazioni nel corso della partita,แสดงข้อมูลระหว่างเล่น
op_use_music_from,,Use music from,Utiliser les musiques des,Usar música de,使用BGM,Usar música desde,Musikauswahl,Usa musica da,ใช้เพลงจาก
op_only_stage,,Stage 100% | Character 0%,Terrain 100% | Personnage 0%,Cenário 100% | Personagens 0%,ステージ 100% | キャラクター  0%,Escenario 100% | Personaje 0%,Arena 100% | Charakter 0%,Scenario 100% | Personaggio 0%,Stage 100% | Character 0%
op_often_stage,,Stage 75% | Character 25%,Terrain 75% | Personnage 25%,Cenário 75% | Personagens 25%,ステージ 75% | キャラクター  25%,Escenario 75% | Personaje 25%,Arena 75% | Charakter 25%,Scenario 75% | Personaggio 25%,Stage 75% | Character 25%
op_stage_characters,,Stage 50% | Character 50%,Terrain 50% | Personnage 50%,Cenário 50% | Personagens 50%,ステージ 50% | キャラクター  50%,Escenario 50% | Personaje 50%,Arena 50% | Charakter 50%,Scenario 50% | Personaggio 50%,Stage 50% | Character 50%
op_often_characters,,Stage 25% | Character 75%,Terrain 25% | Personnage 75%,Cenário 25% | Personagens 75%,ステージ 25% | キャラクター  75%,Escenario 25% | Personaje 75%,Arena 25% | Charakter 75%,Scenario 25% | Personaggio 75%,Stage 25% | Character 75%
op_only_characters,,Stage 0% | Character 100%,Terrain 0% | Personnage 100%,Cenário 0% | Personagens 100%,ステージ 0% | キャラクター  100%,Escenario 0% | Personaje 100%,Arena 0% | Charakter 100%,Scenario 0% | Personaggio 100%,Stage 0% | Character 100%
op_music_current,,Currently playing:,Music actuel :,Reproduzindo agora:,現在再生中：,Música actual:,Aktuelle Musik:,Musica in riproduzone:,กำลังเล่น:
op_music_delay,,Danger music change-back delay,Délai du changement de la musique en mode danger,Atraso na mudança de música de perigo,ピンチBGM切り替えディレイ,Retrasar cambio de melodía de peligro,Verzögerung für die Rückkehr aus der Gefahrenmusik,Ritardo del cambiamento della musica di pericolo,ดีเลย์ระหว่างเปลี่ยนเพลง (จากเพลงอันตราย เป็นเพลงปกติ)
op_music_intro,,Playing the intro,Joue l'intro,Reproduzindo introdução,イントロ表示,Reproduciendo la intro,Intro wird abgespielt,Riproduci la intro,กำลังเล่น intro
op_music_load,,Loading required sounds... (this may take a while),Chargement des sons nécessaires... (cela peut prendre un certain temps),Carregando sons necessários ... (isso pode demorar um pouco),必要なサウンドを読み込みしています...（多少時間がかかるかも）,Cargando los sonidos requeridos...(esto tomará un momento),Benötigte Sounds werden geladen... (das könnte einige Zeit dauern),Caricamento dei suoni necessari (ci potrebbe volere un po'...),กำลังโหลดไฟล์เสียงที่จำเป็น (ต้องใช้เวลาสักพัก)
op_music_loop,,Playing main loop,Joue la boucle,Reproduzindo loop principal,メインループを再生しています,Reproduciendo bucle principal,Hauptthema wird abgespielt,Riproduzione del loop principale,กำลังเล่น main loop
op_music_nav,,"%1 and %2 to navigate songs
%3 to leave","%1 et %2 pour naviguer entre les musiques
%3 pour quitter","%1 e %2 para navegar pelas músicas
%3 para sair","%1と%2で曲を選択
%3で戻る","%1 y %2 para navegar entre melodías
%3 para salir","Nutze %1 und %2 um zwischen Liedern zu navigieren und %3, um das Menü zu verlassen","%1 e %2 per navigare tra le canzoni
%3 per uscire","%1 และ %2 เพื่อกรอเพลง
%3 เพื่อออก"
op_music_play,Play music button in Sound Test,Play,Play,Play,Play,Play,Play,Play,เล่น
op_music_stop,Stop music button in Sound Test,Stop,Arrêter,Pare,やめる,Detener,Stoppen,Fermare,หยุด
op_music_type,Select music type in Sound Test,Music type,La musique,Música,音楽,Música,Musik,Musica,ประเภทเพลง
op_music_sfx,Sound Effect in Sound Test,SFX,Sonner,Som,?,Sonar,Klang,Suono,เสียงประกอบ
op_panels,,Panels set,Choisir les blocs,Definir painéis,パネルセット,Set de paneles,Panelset,Scelta delle tessere,ชุด Panels
op_reload_analytics,,reloading analytics...,rechargement des statistiques...,recarregando estatísticas...,解析を再読み込みしています...,Recargando estadísticas...,Statistiken werden neugeladen...,Ricaricamento delle statistiche...,กำลังโหลด analytics อีกครั้ง
op_reload_characters,,reloading characters...,rechargement des personnages...,recarregando personagens...,キャラクターを再読み込みしています...,Recargando personajes...,Charaktere werden neugeladen...,Ricaricamento dei personaggi...,กำลังโหลดตัวละครอีกครั้ง
op_reload_stages,,reloading stages...,rechargement des terrains...,recarregando cenários...,ステージを再読み込みしています…,recargando escenarios...,Arenen werden neugeladen...,Ricarimento degli scenari...,กำลังโหลดด่านอีกครั้ง
op_reload_theme,,reloading theme...,rechargement du thème...,recarregando tema...,テーマを再読み込みしています…,recargando temas...,Themen werden neugeladen...,Ricaricamento dei temi...,กำลังโหลดธีมอีกครั้ง
op_replay_public,,Save replays publicly,Sauvegarder les replays publiquement,Salvar replays publicamente,リプレイを,Grabar repeticiones públicamente,Replays öffentlich abspeichern,Salva i replay pubblicamente,เซฟรีเพลย์แบบเปิดให้สาธารณะดูได้
op_replay_public_no,,No,Non,Não,公開しない,No,Nein,No,ไม่
op_replay_public_anonymously,,Anonymously,Anonymement,Anônimo,匿名で公開する,Anónimamente,Anonym,Anonimamente,ไม่ระบุตัวตน
op_replay_public_with_name,,With my name,Avec mon pseudo,Com meu apelido,ユーザー名付きで公開する,Con mi nombre,Mit meinem Benutzernamen,Con il mio nome,ด้วยชื่อของฉัน
op_rating_details,"Whether to show rating points, win rates etc",Show Rating Details,Afficher les détails de la notation,Mostrar detalhes de classificação,評価の詳細を表示します,Detalles de calificación de espectáculos,Bewertungsdetails anzeigen,Mostra i dettagli di valutazione,แสดงรายละเอียด Rating
op_save,,writing config to file...,sauvegarde de la configuration...,salvando configuração no arquivo...,ファイルに設定を書き込んでいます...,Escribiendo configuración al archivo...,Speichere Konfiguration in Datei...,Salvataggio delle configurazioni su file...,กำลังเขียน config ไปยัง file
op_vol,,Master Volume,Volume Global,Vol. principal,マスターボリューム,Volumen principal,Lautstärke,Volume principale,ระดับความดังเสียงโดยรวม
op_vol_music,,Music Volume,Volume Musique,Vol. da música,BGMボリューム,Volumen de música,Lautstärke der Musik,Volume della musica,ระดับความดังเสียงเพลง
op_vol_sfx,,SFX Volume,Volume Effets,Vol. Efeitos Esp.,SFXボリューム,Volumen de sonido,Lautstärke der Soundeffekte,Volume SFX,ระดับความดังเสียงประกอบ
op_input_delay,,Key repeat delay (offline only),Délai de répétition des touches,Atraso na repetição das teclas (apenas offline),DAS 設定（オフラインのみ）,Retraso de repetición de las teclas (Solo fuera de línea),Verzögerung für die Tastenwiederholung bei gedrückt halten (nur offline),Ritardo della ripetizione dell'input (solo offline),ดีเลย์การกดปุ่มซ้ำๆ
op_portrait_darkness,Options: darkness of the portraits in game,Portrait Darkness,Portrait Obscurité,Claridade de Retratos,背景の暗さ,Retrato Oscuridad,Helligkeit des Charakterporträts während des Spiels,Oscurità del ritratto,ความมืดของรูปภาพ
op_popfx,Options: Whether pop effects should show,Pop Effects,Effets Pop,Efeitos de Explosão,パネル消しエフェクト,efectos pop,Popeffekte,Effetti pop,เอฟเฟคต์เวลาพาเนลถูกทำลาย
op_renderTelegraph,Options: Whether the telegraph above the stack should show,Show Telegraph,Montrer le télégraphe,Mostrar telégrafo,テレグラフを表示,Mostrar telégrafo,Telegraph zeigen,Mostra telegrafo,แสดง Telegraph
op_renderAttacks,Options: Whether the telegraph attack animations should show,Show Attacks,Montrer des attaques,Mostrar ataques,攻撃を示す,Mostrar ataques,Angriffe anzeigen,Mostra attacchi,แสดง attack animation ของ telegraph
op_cardTransparency,Options: Whether the combo / chain cards should become transparent,Card Transparency,Transparence des cartes,Transparência do cartão,カードの透明性,Transparencia de la tarjeta,Kartentransparenz,Trasparenza della carta,แสดงการ์ดใส
op_cardfx_scale,Options: how far away the popfx particles converge onto your combo/chain before it pops,Attack Particle Distance,Distance des particules d'attaque,Alcance de Partículas de Ataque,攻撃パーティクル発生距離,Distancia de partículas de ataque,Skalierung der Popeffekte bei Kombos und Ketten,Distanza delle particelle di attacco,ระยะ attack particle
opponent_level,,Opponent's level,Niveau adverse,Nível do oponente,相手のレベル,Nivel del oponente,Level des Gegners,Livello dell'avversario,ระดับของคู่ต่อสู้
pl_pause_help,,Press Start again to resume,Appuyer sur Start pour continuer,Pressione Começar novamente para continuar,STARTで再開,"Presiona ""Start"" para resumir",Drücke Start um fortzufahren,"Premi ""Start"" di nuovo per riprendere",กด start อีกครั้งเพื่อเล่นต่อ
pl_1_win,,P1 wins ^^,J1 gagne ^^,J1 vence ^^,1Pの勝ち！ ＾＾,J1 gana ^^,Spieler 1 gewinnt,P1 vince ^^,ผู้เล่น 1 ชนะ ^^
pl_2_win,,P2 wins ^^,J2 gagne ^^,J2 vence ^^,2Pの勝ち！ ＾＾,J2 gana ^^,Spieler 2 gewinnt,P2 vince ^^,ผู้เล่น 2 ชนะ ^^
pl_cleared,,cleared: %1,détruit : %1,destruido: %1,消したパネル：%1個,despejado: %1,Cleared: %1,Completato: %1,เคลียร์แล้ว: %1
pl_frame,,Frame: %1,Frame : %1,Frame: %1,フレーム：%1,Cuadro: %1,Frame: %1,Frame: %1,เฟรม: %1
pl_game_start,,Game is starting!,La partie va commencer !,A partida está começando!,ゲームが始まります！,¡La partida va a comenzar!,Das Spiel beginnt!,Il gioco sta per inziare!,เกมกำลังเริ่ม !
pl_gameover,,Game Over,Terminé,Fim de jogo,ゲームオーバー,Fin del juego,Game Over,Gioco finito,เกมจบแล้ว
pl_health,,Health: %1,Vie : %1,Vida: %1,猶予：%1,Salud: %1,Leben: %1,Vita: %1,พลังชีวิต: %1
pl_level,,Level: %1,Niveau : %1,Nível %1,レベル：%1,Nivel: %1,Level: %1,Livello: %1,ระดับ: %1
pl_metal,Debug: indicates the number of shock blocks allowed to be generated,metal q: %1,blocs métal : %1,blocos de metal q: %1,びっくりパネル：%1,blq. de metal: %1,Schockpanels: %1,Blocchi di metallo: %1,จำนวน shock panels: %1
pl_moves,,Moves: %1,Déplacements : %1,Movimentos: %1,手数：%1,Movimientos: %1,Eingaben: %1,Movimenti: %1,การเคลื่อนไหว: %1
pl_panel_info,,"Panel info:
row: %1
col: %2","Info grille :
ligne: %1
colonne: %2","Info do painel:
linha: %1
coluna: %2","パネル情報：
段：%1
列：%2","Info. panel:
fila: %1
col: %2","Panel Info:
Reihe: %1
Spalte: %2","Informazioni sulle tessere
riga: %1
colonna: %2","ข้อมูลพาเนล:
แถว: %1
คอลัมน์: %2"
pl_pre_stop,,Pre stop: %1,Délai pré stop : %1,Atraso ante-parada: %1,ストップ前：%1,Detención pre. :%1,Pre-Stop: %1,Pre stop: %1,ก่อน stop: %1
pl_score,,Score: %1,Score : %1,Pontuação: %1,スコア：%1,Puntaje: %1,Score: %1,Punteggio: %1,คะแนน: %1
pl_shake,,Shake: %1,Délai secousse : %1,Tremor: %1,床揺れ：%1,Sacudida: %1,Shake: %1,Scossa: %1,สั่น: %1
pl_spectate_join,,"Joined a match in progress.
Catching up...","Chargement du match en cours.
Synchronisation...","Entrou em partida em andamento.
Sincronizando...","進行中の対戦に入りました。
同期中…","Te uniste a una partida en progreso.
Sincronizando...","Du bist einem laufenden Spiel beigetreten.
Hole zum aktuellen Stand auf...","Caricamento di una partita in corso.
Sincronizzazione...","เข้าร่วมเกมที่กำลังแข่งอยู่สำเร็จ
กำลังอัพเดทข้อมูลล่าสุด"
pl_spectators,,Spectator(s):,Spectateurs(s) :,Espectador(es):,観客：,Espectador(es)：,Zuschauer:,Spettatori:,คนดู:
pl_speed,,Speed: %1,Vitesse : %1,Velocidade: %1,SPEED LV：%1,Velocidad: %1,Geschwindigkeit: %1,Velocità: %1,ความเร็ว: %1
pl_stop,,Stop: %1,Délai stop : %1,Parada: %1,ストップ：%1,Detención: %1,Stop: %1,Stop: %1,หยุด: %1
pl_time,,Time: %1,Temps : %1,Tempo: %1,時間：%1,Tiempo: %1,Zeit: %1,Tempo: %1,เวลา: %1
pl_time_out,,"game start timed out.
This is a known bug, but you may post it in #panel-attack-bugs-features
if you'd like.","Le chargement de la partie a pris trop de temps.
Ceci est un bug connu, mais vous pouvez le signaler sur notre discord sur :
#panel-attack-bugs-features","Tempo esgotado para partida começar.
Este é um bug conhecido, mas você pode postar em #panel-attack-bugs-features
se quiser.","ゲームの開始がタイムアウトしました。
これは既知のバグですが、＃panel-attack-bugs-featuresに報告してもいいですよ。","se agotó el tiempo para empezar la partida.
Este es un bug conocido, pero si queres puedes postearlo en #panel-attack-bugs-features","Die verfügbare Zeit für den Spielstart wurde überschritten.
Das ist ein bekanntes Problem, aber du kannst es trotzdem in #panel-attack-bugs melden, wenn du möchtest.","Il caricamento della partita ha richiesto troppo tempo.
Questo è un bug gà noto, ma puoi postarlo su #panel-attack-bugs-features
se ti va.","ช่วงเริ่มเกมใช้เวลามากเกินปกติ

Bug นี้ทางทีมงานรับทราบแล้ว แต่คุณจะโพสต์แจ้งใน #panel-attack-bugs-features ก็ได้"
pl_you_lose,,You lose :(,Vous avez perdu :(,Você perdeu :(,あなたの負け・・・。 -_-,Has perdido :(,Du hast verloren :-(,Hai perso :(,คุณแพ้ :(
pl_you_win,,You win!,Vous avez gagné !,Você venceu!,あなたの勝ち！！＾＾,¡Has ganado!,Du hast gewonnen!,Hai vinto!,คุณชนะ!
pz_info,,"Note: you may place new custom puzzles in


%appdata%\Panel Attack\puzzles


See the README and example puzzle set there
for instructions","Note: vous pouvez placer des puzzles personnalisés dans :


%appdata%\Panel Attack\puzzles


Lisez le fichier README, et alle voir les exemples.","Nota: você pode alocar novos quebra-cabeças personalizados em


%appdata%\Panel Attack\puzzles


Leia o README e o exemplo de quebra-cabeça definido lá
para instruções","注：新しいカスタムパズルを


%appdata%\Panel Attack\puzzles において下さい


使い方についてはそちらのREADMEとサンプルパズルをご覧下さい","Nota: Puedes añadir puzzles personalizados en


%appdata%\Panel Attack\puzzles


Revisa el archivo README y el set de puzzles de ejemplo en su correspondiente carpeta
para más infomación.","Anmerkung: Du kannst unter Windows neue, selbstgemachte Puzzles an folgendem Pfad ablegen:

%appdata%\Panel Attack\puzzles
(Kopiere das in die Navigationsleiste des Explorers und drücke danach Enter, sieh für andere Betriebssysteme unter http://panelattack.com/faq.html nach)

Schau dir für weitere Informationen die README und das Beispielpuzzleset an.","Nota: puoi inserire nuovi puzzle in:


%appdata%\Panel Attack\puzzles


Leggi il README e guarda i puzzle d'esempio che si trovano lì per avere istruzioni.","Note: คุณสามารถวาง custom puzzles ใน

%appdata%\Panel Attack\puzzles

สามารถดูวิธีใช้ใน README และตัวอย่าง puzzle ที่อยู่ในนั้นได้"
pz_puzzles,,Puzzles:,Puzzles :,Quebra-cabeças:,パズル：,Puzzles:,Puzzles:,Puzzles:,Puzzles:
rp_endless,,endless,infini,Infinito,エンドレス,Interminable,Endlos,infinito,ไม่รู้จบ
rp_no_endless,,I don't have an endless replay :(,Je n'ai pas de replay infini :(,Não possuo replay sem fim :(,エンドレスのリプレイはありません -_-,No encuentro ninguna repetición del modo Interminable :(,Ich habe kein Replay für Endless :-(,Non ho un replay della modalità infinito :(,ฉันไม่มี replay โหมดไม่รู้จบ :(
rp_no_puzzle,,I don't have a puzzle replay :(,Je n'ai pas de replay puzzle :(,Não possuo replay de quebra-cabeça :(,パズルのリプレイはありません -_-,No encuentro ninguna repetición del modo Puzzle :(,Ich habe kein Puzzle Replay :-(,Non ho un replay della modalità puzzle :(,ฉันไม่มี replay โหมด puzzle :(
rp_no_replay,,I don't have a vs replay :(,Je n'ai pas de replay :(,Não possuo replay vs :(,VSリプレイはありません -_-,No encuentro ninguna repetición del modo VS :(,Keine Replays vorhanden. :-(,Non ho un replay della modalità vs :(,ฉันไม่มี replay โหมด vs :(
rp_score,,"You scored %1
in %2","Vous avez fait %1
en %2","Você pontuou %1
em %2","スコア %1
プレイ時間 %2","Obtuviste %1 puntos
en %2",Du hast in %2 %1 Punkte erzielt,"Il tuo punteggio è %1
in 2%","คุณได้คะแนน %1
ใน %2"
ss_casual,,Casual,Normal,Casual,カジュアル,Casual,Normal,Normale,แคชชวล
ss_controller,Type of input method – controller,Controller,Manette,Controlador,コントローラ,Controlador,Regler,Controller,จอย
ss_current_rating,,current:,courant :,atual:,現在：,Actual:,derzeitig:,corrente:,ปัจจุบัน:
ss_disconnect,,Disconnected from server.,Vous êtes deconnecté du serveur.,Desconectado do servidor.,サーバーから切断されました。,Desconectado del servidor.,Verbindung zum Server verloren.,Disconnesso dal server.,ถูกตัดขาดจาก server
ss_could_not_connect,Shown when the server could not be reached,Could not connect to the server.,Ne peut se connecter au serveur.,Não pôde conectar-se ao servidor.,サーバーに接続できませんでした。,No se puede conectar con el servidor.,Konnte keine Verbindung zum Server herstellen.,Impossibile connettersi al server.,ไม่สามารถเชื่อมต่อกับ server ได้
ss_room_closed_in_game,Message shown when room closes mid game,"The connection to the match was lost. Usually this happens due to an unstable network connection from one of the players, but this could also be a bug or crash.","La connexion au match a été perdue. usuellement, cela se produit en raison d'une connexion réseau instable de l'un des joueurs, mais cela pourrait également être un bug ou un crash.","A conexão com a partida foi perdida. usoramente isso acontece devido a uma conexão de rede instável de um dos jogadores, mas isso também pode ser um bug ou acidente.",試合への接続が失われました。USLAVEこれは、プレーヤーの1つからの不安定なネットワーク接続が原因で起こりますが、これもバグやクラッシュになる可能性があります。,"La conexión con el partido se perdió. usualmente esto sucede debido a una conexión de red inestable de uno de los jugadores, pero esto también podría ser un error o un choque.","Die Verbindung zum Spiel wurde unterbrochen. Normalerweise passiert dies aufgrund einer instabilen Netzwerkverbindung von einem der Spieler, allerdings kann der Verbindungsabbruch auch durch einen Programmabsturz beim Gegner hervorgerufen worden sein.","La connessione alla partita è stata persa. usualmente ciò accade a causa di una connessione di rete instabile da uno dei giocatori, ma questo potrebbe anche essere un bug o un incidente.",การเชื่อมต่อล้มเหลว\nปกติจะเกิดจากการเชื่อมต่อของผู้เล่นคนใดคนหนึ่งไม่เสถียร\nหรืออาจเกิดจาก bug หรือ crash
ss_latency_error,Message shown when the connection is too unstable,The network connection is too unstable to continue the game. It could be your connection or the opponent's.,La connexion réseau est trop instable pour continuer le jeu. Cela pourrait être votre connexion ou les adversaires.,A conexão de rede é muito instável para continuar o jogo. Pode ser sua conexão ou os adversários.,ネットワーク接続は、ゲームを続行するには不安定すぎます。それはあなたの接続または対戦相手かもしれません。,La conexión de red es demasiado inestable para continuar el juego. Podría ser tu conexión o a los oponentes.,"Die Netzwerkverbindung ist zu instabil, um das Spiel fortzusetzen. Es könnte deine Verbindung oder die des Gegners sein.",La connessione di rete è troppo instabile per continuare il gioco. Potrebbe essere la tua connessione o gli avversari.,การเชื่อมต่อไม่เสถียรพอที่จะเล่นต่อไปได้ อาจเกิดจาก internet ของคุณ หรือไม่ก็คู่แข่ง
ss_average_frames_behind,Prints the average number of frames behind,Average frames behind: %1,Cadres moyens derrière: %1,Quadros médios por trás: %1,後ろの平均フレーム：％1,Marcos promedio detrás: %1,Durchschnittliche Frames Verzögerung: %1,Cornici medi dietro: %1,เฟรมที่ตามหลังอยู่โดยเฉลี่ย: %1
ss_average_frames_behind_player,Prints the average number of frames behind a player was.,Average frames behind for %1 was %2,Les cadres moyens derrière pour %1 étaient %2,Quadros médios por %1 foi %2,％1の平均フレームは％2でした。,Los marcos promedio detrás de %1 fue %2.,Durchschnittliche Frames hinter %1 waren %2.,I telai medi dietro per %1 era %2.,เฟรมที่ตามหลังอยู่โดยเฉลี่ยของ %1 คือ %2
ss_draw,,Draw,Egalité,Empate,引き分け,Empate,Unentschieden,Pareggio,เสมอ
ss_err_no_reason,,Reason unknown,Erreur inconnue,Motivo desconhecido,理由不明,Razón desconocida,Grund unbekannt,Ragione sconosciuta,สาเหตุไม่แน่ชัด
ss_error_leave,,Error when leaving online,Erreur en quittant le serveur,Erro ao sair do servidor,オンラインを離れる際のエラー,Error al salir de en línea,Fehler beim Verlassen des Servers,Errore nell'uscita dal server,Error ขณะออกจากโหมดออนไลน์
ss_expected_rating,,expected:,attendu :,expectativa:,予想：,Esperado:,erwartet:,atteso:,ที่คาดไว้คือ :
ss_init,,Waiting for room initialization...,En attente de la création de la salle...,Aguardando inicialização da sala...,ルームの初期化を待っています…,Esperando la inicialización de la sala.,Warte auf Initialisierung des Raumes...,Attesa per l'inizializzazione della stanza...,กำลังสร้างห้อง...
ss_init_fail,,Room initialization failed.,Problème lors de la création de la salle.,Falha ao iniciar sala.,ルームの初期化に失敗しました。,Falló la inicialización de la sala.,Initialisierung des Raumes fehlgeschlagen.,Inizializzazione della stanza fallita.,การสร้างห้องไม่สำเร็จ
ss_not_ranked,Message indicating not ranked right before the reason why,Not ranked.,Non classé.,Casual,レート変動なし。,Sin clasificar.,Nicht bewertet.,Non classificato.,ไม่ได้เล่นแบบ ranked
ss_p_wins,,%1 wins,%1 gagne,%1 vence,%1の勝ち,%1 Gana,%1 gewinnt,%1 vince,%1 ชนะ
ss_ranked,Message to indicated ranked play,Ranked,Classé,Ranqueada,レート戦,Clasificado,Ranked,Classificato,เล่นแบบ ranked
ss_rating,,Rating:,Classement :,Classificação:,レート：,Clasificación:,Rang:,Classificazione:,เรทติ้ง:
ss_return,,Returning to main menu...,Retour au menu principal...,Voltar ao menu principal...,メインメニューに戻ります...,Regresando al menú principal...,Kehre zum Hauptmenü zurück...,Ritorno al menù principale...,กำลังกลับสู่เมนูหลัก
ss_touch,"Type of input method – touch, as in “touch screen”",Touch,Toucher,Toque,接する,Tocar,Berühren,Tocco,สัมผัส
ss_winrate,,Winrate:,Taux de victoire :,Taxa de vitórias:,勝率：,Racha de victorias:,Gewinnrate:,Rateo delle vittorie:,อัตราการชนะ:
ss_wins,,Wins:,Victoires :,Vitórias:,勝ち：,Gana:,Siege:,Vittorie:,จำนวนเกมที่ชนะ:
ss_ex_mode,,EX Mode,EX Mode,Modo EX,EXモード,Modo EX,EX,Modalità EX,โหมด EX 
rp_browser_header,,~ Replay Browser ~,~ Bibliothèque des replays ~,~ Navegador de Replays ~,～リプレイブラウザ～,~ Explorador de Repeticiones ~,~ Replay Browser ~,~ Navigatore Replay ~,- คลัง replay -
rp_browser_info_header,,~ Replay Information ~,~ Information des replays ~,~ Informações de Replays ~,～リプレイ情報～,~ Información de la repetición ~,~ Replay Informationen ~,~ Informazioni Replay ~,- ข้อมูล replay -
rp_browser_current_dir,,Current directory: %1,Dossier actuel : %1,Pasta atual: %1,現在のディレクトリ：%1,Directorio actual: %1,Aktuelles Verzeichnis: %1,Elenco corrente: %1,ไดเรคทอรี่ปัจจุบัน: %1
rp_browser_up,,up,monter,acima,戻る,volver,zurück ins übergeordnete Verzeichnis,su,ขึ้น
rp_browser_root,,root,racine,raiz,ルート,raíz,Wurzel,sorgente,root
rp_browser_more,,more,plus,mais,次,más,mehr,altro,more
rp_browser_info_2p_vs,,2P VS,2J VS,2J VS,2P VS,2J VS,2P VS,2P VS,2P VS
rp_browser_info_1p_vs,,VS Yourself,VS soi-même,VS Você mesmo,じぶんとのたたかい,VS Tú,1P gegen dich selbst,VS Te stesso,แข่งกับตัวเอง
rp_browser_info_1p,,1P,1J,1J,1P,1J,1P,1P,1P
rp_browser_info_2p,,2P,2J,2J,2P,2J,2P,2P,2P
rp_browser_info_name,,Name: %1,Nom : %1,Apelido %1,名前：%1,Nombre: %1,Name: %1,Nome: 1%,ชื่อ: %1
rp_browser_info_level,,Level: %1,Niveau : %1,Nível: %1,LV：%1,Nivel: %1,Level: %1,Livello: 1%,ระดับ: %1
rp_browser_info_character,,Character: %1,Personnage : %1,Personagem: 1%,キャラクター：%1,Personaje: %1,Charakter: %1,Personaggio: 1%,ตัวละคร: %1
rp_browser_info_casual,,Casual Match,Match Normal,Partida Casual,カジュアル対戦,Partida Casual,Normale Partie,Partita Normale,แข่งแบบ Casual
rp_browser_info_ranked,,Ranked Match,Match Classé,Partida Ranqueada,レート対戦,Partida Clasificatoria,Bewertete Partie,Partita Classificata,แข่งแบบ Ranked
rp_browser_info_endless,,Endless,Infini,Infinito,エンドレス,Interminable,Endlos,Infinito,ไม่รู้จบ
rp_browser_info_time_trial,,Time Trial,Contre la montre,Contra o Tempo,スコアアタック,Contrareloj,Time Attack,A Tempo,Time Trial
rp_browser_info_speed,,Speed: %1,Vitesse : %1,Velocidade: %1,SPEED LV：%1,Velocidad: %1,Geschwindigkeit: %1,Velocità: 1%,ความเร็ว: %1
rp_browser_info_difficulty,,Difficulty: %1,Difficulté : %1,Dificuldade: %1,難易度：%1,Dificultad: %1,Schwierigkeit: %1,Difficoltà: 1%,ความยาก: %1
rp_browser_info_puzzle,,Puzzle,Puzzle,Quebra-Cabeça,パズル：%1,Puzzle,Puzzle,Puzzle,Puzzle
rp_browser_watch,,"Press A/Confirm to view this replay, or B/Cancel to exit.","Appuyer sur A pour voir le replay, ou B pour quitter.",Aperte A/Confirme para ver este replay ou B/Cancelar para sair,Aボタンでリプレイを再生、Bボタンで戻る,"Presiona A/Confirmar para ver esta repetición, o B/Cancelar para salir.","Drücke A/Enter, um das Replay anzuschauen oder B/Escape, um zurückzukehren","Premi A/Conferma per vedere questo replay, o B/Annulla per uscire.",กด A/Confirm เพื่อดูรีเพลย์นี้ หรือ B/Cancel เพื่อออก
rp_browser_no_info,,No information available...,Pas d'informations disponibles...,Sem informações disponíveis...,情報はありません…,Sin información disponible...,Keine Informationen verfügbar...,Nessuna informazione disponibile...,ไม่มีข้อมูลให้ดู
rp_browser_error_unknown_replay_type,,Unknown replay type,Type de replay inconnu,Tipo de replay desconhecido,リプレイ種類不明,Tipo de repetición desconocida.,Unbekannter Replaytyp,Tipo di replay sconosciuto.,ไม่รู้จักประเภทของรีเพลย์
rp_browser_error_loading,,Error loading replay: %1,Erreur au chargement du replay : %1,Erro ao carregar replay: %1,リプレイ読み込みエラー：%1,Error cargando la repetición: %1,Fehler beim Laden des Replays: %1,Errore nel caricamento del replay: 1%,Error ระหว่างโหลดรีเพลย์: %1
rp_browser_error_unknown_filetype,,Unknown filetype %1. (%2),Type de fichier inconnu %1. (%2),Tipo de arquivo desconhecido %1. (%2),ファイル種類%1不明。(%2),Formato de archivo desconocido %1. (%2),Unbekannter Dateityp %1. (%2),Tipo di file sconosciuto %1. (%2),ไม่รู้จักประเภทไฟล์ %1. (%2)
rp_browser_error_file_not_found,,File not found! (%1),Fichier introuvable ! (%1),Arquivo não encontrado! (%1),ファイルを見つけませんでした！,¡No se encontró el archivo! (%1),Datei nicht gefunden! (%1),File non trovato! (%1),ไม่พบไฟล์! (%1)
rp_browser_wrong_version,Error shown when trying to load a old version replay,This replay can not be viewed because it was played on a different version of the game.,Cette rediffusion ne peut pas être vue car elle a été jouée sur une version différente du jeu.,Essa repetição não pode ser vista porque foi jogada em uma versão diferente do jogo.,このリプレイは、ゲームの別のバージョンで再生されたため表示できません。,Esta repetición no se puede ver porque se jugó en una versión diferente del juego.,"Diese Wiederholung kann nicht angesehen werden, da sie auf einer älteren Version des Spiels gespielt wurde. Du kannst auf dem Discord-Server nach einer geeigneten Version zum abspielen fragen.",Questo replay non può essere visto perché è stato giocato su una versione diversa del gioco.,รีเพลย์นี้ ดูไม่ได้ เพราะเป็นรีเพลย์ของเกมเวอร์ชันอื่น
mm_replay_browser,,Replay Browser,Bibliothèque des replays,Navegador de Replays,リプレイブラウザ,Navegador de reproducción,Replay Browser,Navigatore Replay,ดูรีเพลย์
continue_button,Text shown to press any key to continue,Press Any Button,Appuyer sur un bouton,Pressione qualquer botão,任意のボタンを押します,Pulse cualquier botón,Bitte drücke eine beliebige Taste.,Premere qualsiasi pulsante,กดปุ่มใดก็ได้
player_press_key,,Player %1 press any key,Le joueur %1 appuie sur n'importe quelle touche,O jogador %1 carregue em qualquer tecla,プレーヤー％1　PUSH ANY KEY,Jugador %1 presione cualquier tecla,Spieler %1: Drücke eine beliebige Taste,Il giocatore %1 preme un tasto qualsiasi,ผู้เล่น %1 กดปุ่มใดก็ได้
config_input_welcome,Shown on the configure input screen,Set a input configuration for each keyboard / controller you want to be able to use.,Définissez une configuration d'entrée pour chaque clavier/contrôleur que vous souhaitez pouvoir utiliser.,Defina uma configuração de entrada para cada teclado / controlador que deseja usar.,使用するキーボード/コントローラーごとにキーコンフィグを設定して下さい。,Establezca una configuración de entrada para cada teclado / controlador que desee poder utilizar.,Gib eine Eingabekonfiguration für deinen Kontroller oder deine Tastaturen an.,Imposta una configurazione di input per ogni tastiera/controller che desideri utilizzare.,ตั้งค่าปุ่ม สำหรับ keyboard / controller ที่ต้องการใช้
configuration,Configuration for controller / keyboard setup,Configuration,Configuration,Configuração,キーコンフィグ,Configuración,Konfiguration,Configurazione,ตั้งค่า
love_version_warning,Warning shown to users using love 11.3,"You are using an outdated version of Panel Attack which uses an old LOVE version, please download the latest version from the website / discord.","Vous utilisez une version obsolète de l'attaque de panneau qui utilise une ancienne version d'amour, veuillez télécharger la dernière version du site Web / Discord.","Você está usando uma versão desatualizada do painel de ataque que usa uma versão antiga do amor, faça o download da versão mais recente do site / discórdia.",古いLoveバージョンを使用する古いバージョンのパネル攻撃を使用しています。ウェブサイト / Discordから最新バージョンをダウンロードしてください。,"Está utilizando una versión obsoleta de Panel Attack que utiliza una vieja versión de amor, descargue la última versión del sitio web / discordia.","Du verwendest eine Version von Panel Attack, die eine veraltete LÖVE-Version verwendet. Bitte lade die neueste Version von der Website oder dem Discord herunter.","Stai usando una versione obsoleta dell'attacco del pannello che utilizza una vecchia versione d'amore, scarica l'ultima versione dal sito Web / discordia.",คุณกำลังใช้ Panel Attack เวอร์ชั่นเก่า กรุณาดาวน์โหลดเวอร์ชั่นล่าสุดจาก website หรือ discord
challenge_difficulty_1,level 2 - very few attacks basically just surviving,Breezy (Easy),Breezy (facile),Breezy (fácil),さわやかな（簡単）,Breezy (fácil),Luftig (leicht),Breezy (facile),Breezy (ง่าย)
challenge_difficulty_2,level 4 - some attacks mostly just surviving,Windy (Normal),Windy (normal),Vento (normal),風が強い（通常）,Viento (normal),Windig (normal),Ventoso (normale),Windy (ปานกลาง)
challenge_difficulty_3,level 6 - attacking and surviving,Gusty (Hard),À l'esprit (dur),Gusty (duro),gusty（ハード）,Gusty (duro),Böig (schwer),Gusty (duro),Gusty (ยาก)
challenge_difficulty_4,level 6 - learning to win while constantly under pressure,Stormy (Very Hard),Stormy (très dur),Stormy (muito difícil),ストーミー（とても難しい）,Stormy (muy duro),Stürmisch (sehr schwer),Stormy (molto duro),Stormy (ยากมาก)
challenge_difficulty_5,level 8 - an average level 8 challenge,Turbulent,Turbulent,Turbulento,乱流,Turbulento,Turbulent,Turbolento,Turbulent
challenge_difficulty_6,level 10 - an average level 10 challenge,Whirlwind,Tourbillon,Turbilhão,旋風,Torbellino,Wirbelwind,Turbine,Whirlwind
challenge_difficulty_7,level 10 - a hard level 10 challenge,Tempest,Tempête,Tempestade,嵐,Tempestad,Sturm,Tempesta,Tempest
challenge_difficulty_8,level 10 - a really hard level 10 challenge,Hurricane,Ouragan,Furacão,ハリケーン,Huracán,Hurrikan,Uragano,Hurricane
challenge_difficulty_9,level 11? - unused right now,Tornado,Tornade,Tornado,竜巻,Tornado,Tornado,Tornado,Tornado
auto_updater_version_warning,Warning shown to users with an old autoupdater,"New autoupdater available, please install from","Nouveau autoupdater disponible, veuillez installer à partir de","Novo autoupdater disponível, instale de",新しいautoupdaterを利用できます。からインストールしてください,"Nuevo autoupdater disponible, instale desde","Ein neuer Updater ist verfügbar, bitte lade ihn unter folgendem Link herunter:","Nuovo autoupdater disponibile, installa da",มีระบบอัพเดทอัตโนมัติเวอร์ชั่นใหม่ กรุณา Install โดยใช้ระบบนั้น
username_blank_warning,shown in user name input when nothing is entered,Username cannot be blank,Le nom d'utilisateur ne peut pas être vide,O nome de usuário não pode ficar em branco,ユーザー名を空白にすることはできません,Nombre de usuario no puede estar en blanco,Benutzername darf nicht leer sein,Il nome utente non può essere vuoto,Username ไม่สามารถเป็นค่าว่างได้
op_shakeIntensity,Option for the intensity of the shake animation,Shake Animation Intensity,,,,,Stärke der Aufprallanimation
op_performance_drain,Label for the option to configure the amount of active garbage collection in favor of sleeping,Performance/Battery Drain,,,,,Performance/Stromverbrauch
pause_resume,Label for the resume button in the pause menu,Resume,,,,Continuar,Fortsetzen,,
